sample,patient,driver_gene,driver_mutation,mutations_found,numTumorCells,numTumorCells_w_coverage_to_ROI,numTumorCells_clinMut_found
,,,," EGFR Q787Q, KRAS G13D, EGFR R521K, BRAF V600E,  BRAF G643G,  EGFR del19, EGFR T903T, EGFR S921R,  EGFR T629T, EGFR G652G, ",6,0,0
LT_S74,TH248,EGFR,del19,"ALK fusion,  EGFR S921R, EGFR del19, EGFR R1100S, RET fusion, KRAS A11A, EGFR G652G, KRAS Q61L, ",79,6,6
LT_S29,TH183,EGFR,del19,,0,0,0
LT_S50,TH225,KRAS,G12C," EGFR R521K, KRAS G12C, EGFR T903T, EGFR T629T, KRAS A11A, EGFR Q787Q, ",20,17,16
LT_S48,TH155,EGFR,del19,"BRAF G469R, ",0,0,0
LT_S21,TH185,EGFR,L858R,"EGFR Q787Q,  EGFR T629T,  EGFR Q787Q,  EGFR T903T, EGFR R521K, EGFR L858R,  KRAS Q61H, EGFR A237V,  KRAS A146V,  KRAS A146P,  EGFR L1167V,  EGFR A237>?,  EGFR S768I,  EGFR P589L,  EGFR V843L,  KRAS G13D,  BRAF L597V,  EGFR G221V,  EGFR S921R, EML4 fusion,  ALK fusion,  KRAS A11A, EGFR I1093M,  BRAF A762E,  EGFR H1129Y, EGFR E709A,  KRAS G12A, KRAS G12C,  EGFR V536M, EGFR G331R,  BRAF L89L,  EGFR V769L,  EGFR F856L, ",952,198,146
LT_S42,TH158,EGFR,del19,,3,0,0
LT_S05,TH103,ALK,fusion,,1,0,0
LT_S49,TH223,EGFR,del19,"EGFR T903T, ",7,0,0
LT_S35,TH208,EGFR,L861Q,"EGFR L861Q, ",1,1,1
LT_S67,TH231,ALK,fusion,"EGFR R521K, ",3,0,0
LT_S51,TH227,ALK,intron 19 rearrangement,,17,0,0
LT_S58,TH179,BRAF,V600E,"ROS1 fusion, KRAS C185S, NTRK fusion, KRAS Q61H, ALK fusion, EML4 fusion, EGFR G857V, ",64,0,0
LT_S75,TH266,ALK,fusion,"KRAS Q61K,  ALK-EML4 fusion,  EML4 fusion, ",1,0,2
LT_S34,TH205,EGFR,L858R,"ROS1 fusion, KRAS A146V, EML4 fusion, ALK fusion, BRAF G466E, RET fusion, EGFR V769L, EGFR L858R, NTRK fusion, ",9,1,1
LT_S53,TH067,EGFR,del19,"ALK fusion, KRAS G13D, EML4 fusion, EGFR D1014N, ROS1 fusion, EGFR F856L, ",97,0,0
LT_S54,TH222,ROS1,fusion,,1,0,0
LT_S81,TH266,ALK,fusion,"BRAF G643G, RET fusion, KRAS G13C, BRAF Q609H, ROS1 fusion, KRAS G13D, ",0,0,0
LT_S09,TH067,EGFR,del19,,0,0,0
LT_S16,TH146,ROS1,ROS1-CD74,"ROS1 fusion, ",0,0,0
LT_S38,TH210,ALK,fusion,,0,0,0
LT_S08,TH103,ALK,fusion," EGFR T629T,  EGFR Q787Q, EGFR G652G,  ALK-EML4 fusion, EGFR R521K,  EML4 fusion, ALK fusion, BRAF G643G, ",52,0,4
LT_S41,TH210,ALK,fusion,,15,0,0
LT_S63,TH171,ALK,fusion,"RET fusion, EGFR R831H, EGFR D1014N, EGFR R1100S, EGFR V1142V, EGFR G857V, EGFR L907M,  ALK-EML4 fusion, EGFR R521K, KRAS C185S,  EML4 fusion, ALK fusion, KRAS G12A, EGFR Q1020H, KRAS A146V, KRAS C118S, KRAS G13C, ",720,0,3
LT_S45,TH218,EGFR,L858R,,0,0,0
LT_S71,TH236,EGFR,del19,"BRAF G466E,  EGFR del19, EGFR P1019L, KRAS A146P, EGFR R1100S,  KRAS G13D, EGFR K754E, EGFR S442I, BRAF A762E, KRAS G12C, ",101,19,19
LT_S02,TH157,ALK,fusion,,0,0,0
LT_S66,TH238,BRAF,V600E,"KRAS G12C, EGFR F856L, EGFR G598V, EGFR P589L, KRAS A146P, BRAF V600E,  RET fusion, KRAS Q61H, EGFR S921R, EGFR D1014N, EGFR Q1020H, ",260,2,2
LT_S78,TH179_Normal,ALK,fusion,"EGFR Q787Q,  EGFR T903T,  KRAS Q61L, ",11,0,0
LT_S37,TH107,EGFR,del19,,0,0,0
LT_S13,TH169,EGFR,L858R,,1,0,0
LT_S72,TH222,ROS1,fusion,"EGFR R776H, EGFR L1034I, EGFR P1019L, EGFR G719A, EGFR L747S, KRAS A11A, EGFR K754E, EGFR R1100S, ",6,0,0
LT_S80,TH179,BRAF,V600E,"KRAS A146V, ROS1 fusion, ALK fusion, ",13,0,0
LT_S44,TH199,KRAS,G12C,,0,0,0
LT_S43,TH217,EGFR,del19,,4,0,0
LT_S79,TH179,BRAF,V600E,"RET fusion, EML4 fusion, BRAF V600E, NTRK fusion, KRAS A146P, ",60,3,3
LT_S55,TH218,EGFR,L858R,"EGFR P589L, ",11,0,0
LT_S56,TH231,ALK,fusion,"ROS1 fusion, KRAS A146P, EML4 fusion, BRAF S679N, ALK fusion, ",350,0,2
LT_S01,TH158,EGFR,del19,,0,0,0
LT_S17,TH174,WT,,,0,0,0
LT_S47,TH220,ALK,fusion,"EGFR L387M,  ALK-EML4 fusion, KRAS G13D, KRAS G12C, EGFR Q1020H,  EML4 fusion, BRAF G466E, ALK fusion, ",107,0,3
LT_S65,TH238_Normal,BRAF,V600E," EGFR R521K, EGFR T629T, EGFR Q787Q, EGFR T903T, EGFR R831H, NTRK fusion,  ALK fusion, ",4,0,0
LT_S57,TH226,EGFR,del19,"ROS1 fusion,  EGFR del19, BRAF R682W, NTRK fusion, EGFR V536M, ALK fusion, KRAS K88K, KRAS G12A, KRAS Q61K, EGFR R1100S, KRAS Q61L, ",191,9,9
LT_S11,TH169,EGFR,del19," EGFR del19, ALK fusion, BRAF A762E, ",177,24,23
LT_S03,TH156,ALK,fusion,,0,0,0
LT_S22,TH158,EGFR,del19,,0,0,0
LT_S12,TH172,BRAF,V600E,,0,0,0
LT_S69,TH248,EGFR,del19," KRAS A11A, EGFR del19, EGFR L858R, EGFR ins20, KRAS L19F, EGFR R1100S, EGFR V843L, ALK fusion, EML4 fusion, EGFR S811F, ROS1 fusion, ",305,15,15
LT_S07,TH103,ALK,fusion,"EGFR Q787Q,  EGFR T629T,  EGFR R521K, ROS1 fusion, ",12,0,0
LT_S52,TH226,EGFR,del19,"KRAS Q61H, KRAS D33E,  EGFR del19, ",14,1,1
LT_S19,TH150,WT,,,0,0,0
LT_S23,TH185,EGFR,L858R,,0,0,0
